<?xml version="1.0" encoding="UTF-8" ?>
<!DOCTYPE mapper PUBLIC "-//mybatis.org//DTD Mapper 3.0//EN"
  "http://mybatis.org/dtd/mybatis-3-mapper.dtd">
<mapper namespace="kdigital">
	<select id="oneEmp" resultType="emp" parameterType="int">
		SELECT * FROM employees WHERE employee_id=#{employee_id
	</select>

	<select id="manyEmp" resultType="emp">
	<![CDATA[SELECT * FROM employees WHERE employee_id < 200]]>
	</select>

	<insert id="insertEmp" parameterType="emp">
		INSERT INTO employees VALUES(
			#{employee_id},#{first_name},#{last_name},
			#{email},#{phone_number},SYSDATE,
			#{job_id},#{salary},null,#{manager_id},
			#{department_id}
		)
	</insert>

	<update id="updateEmp" parameterType="emp">
		UPDATE employees
		SET first_name=#{first_name}
		WHERE employee_id=#{employee_id}
	</update>
	
	<delete id="deleteEmp" parameterType="int">
		DELETE FROM employees WHERE employee_id=#{employee_id}
	</delete>
	
	<!-- 페이지처리 -->
	<select id="pageEmp" resultType="emp" parameterType="int[]">
		SELECT r, employee_id, first_name
		FROM (SELECT ROWNUM r, employee_id, first_name
			FROM (SELECT * FROM employees ORDER BY hire_date DESC)
			)
		WHERE r BETWEEN
		<foreach collection="array" item="num" separator="AND">
			#{num}
		</foreach>
	</select>
	
	<insert id="insertEmp2" parameterType="emp">
		<selectKey resultType="int" keyProperty="employee_id">
			SELECT emp_seq.nextval FROM dual; <!-- 시퀸스가 없으면 생성해라 -->
		</selectKey>
		INSERT INTO employees VALUES (
			#{employee_id},#{first_name},#{last_name},
			#{email},#{phone_number},SYSDATE,#{job_id},
			#{salary},null,#{manager_id},#{department_id}
		)
	</insert>
	
	<!-- 부서의 목록을 자바에 리스트로 전달해보자 -->
	<select id="selectwithlist" parameterType="java.util.List" resultType="emp">
		select employee_id, first_name, department_id
		from employees
		where department_id in 
		
		<!-- collection에는 array list map 등이 들어간다 -->
		<foreach collection="list" item="deptlist" open="(" separator="," close=")"> 
			#{deptlist}
		</foreach>		
	</select>
	
	<!-- 자바에서 파라미터를 받아오자 -->
	<update id="updatewithmap" parameterType="java.util.Map">
		update employees
		set department_id=#{dept}, email=#{email}
		where employee_id=
		<if test="id == null">1</if>
		<if test="id != null">#{id}</if>
	</update>
	
</mapper>