<?xml version="1.0" encoding="UTF-8" ?>
<!DOCTYPE mapper PUBLIC "-//mybatis.org//DTD Mapper 3.0//EN"
  "http://mybatis.org/dtd/mybatis-3-mapper.dtd">
<mapper namespace="board">

<select id="all" resultType="board">
	select * from board
</select>

<select id="getMember" resultType="memberDTO">
	select * from member
</select>

<select id="member" resultType="board">
	select id, password from board
</select>

<select id="detail" parameterType="int" resultType="board">
	select * from board where seq = #{seq}
</select>

<select id="page" parameterType="pageDTO" resultType="board">
	<!-- select seq, title, writer, viewcount 
	from (select rownum r from (select * from board order by time desc))
	where r between #{pageNum} and #{cntPerPage}-->
	
	select seq, title, writer, viewcount
	from (select rownum r, seq, title, writer, viewcount
	from (select * from board order by time desc))
	where r between #{pageNum} and #{cntPerPage}
</select>

<insert id="insert_content" parameterType="board">
	insert into board (seq, title, contents, writer, password, viewcount) 
	values(board_seq.nextval, #{title}, #{contents}, #{writer}, 1234, 0)
	
</insert>

<insert id="member_register" parameterType="memberDTO">
	insert into member values(#{id}, #{password}, #{name})
</insert>

<update id="count" parameterType="int">
update board set viewcount = viewcount+1 where seq = #{seq}
</update>

<delete id="delete" parameterType="int">
delete from board where seq = #{seq}
</delete>
</mapper>




